YEAR,c_growth
1948,1.612113
1949,-0.429761
1950,2.723979
1951,2.679600
1952,3.543879